{"cameraMode":{"drawMode":0,"name":"Shaded","section":"Shading Mode"},"sceneLighting":true,"audioPlay":false,"sceneViewState":{"m_AlwaysRefresh":false,"showFog":true,"showSkybox":true,"showFlares":true,"showImageEffects":true,"showParticleSystems":true,"showVisualEffectGraphs":true,"m_FxEnabled":true},"in2DMode":false,"pivot":{"x":-3.537334442138672,"y":-10.927371978759766,"z":0.7621880769729614},"rotation":{"x":-0.33448344469070437,"y":0.6187945008277893,"z":-0.32831859588623049,"w":-0.6304135322570801},"size":23.148670196533204,"orthographic":false}