{"cameraMode":{"drawMode":0,"name":"Shaded","section":"Shading Mode"},"sceneLighting":true,"audioPlay":false,"sceneViewState":{"m_AlwaysRefresh":false,"showFog":true,"showSkybox":true,"showFlares":true,"showImageEffects":true,"showParticleSystems":true,"showVisualEffectGraphs":true,"m_FxEnabled":true},"in2DMode":false,"pivot":{"x":-15.417695045471192,"y":-10.182703018188477,"z":-0.40497684478759768},"rotation":{"x":0.7186479568481445,"y":0.00625796802341938,"z":-0.006468006409704685,"w":0.695315957069397},"size":14.35385799407959,"orthographic":false}